case_id,score
57543,0.017159981701454035
57549,0.027295466346498078
57551,0.006489007755030056
57552,0.01212235253918979
57569,0.06767524709389897
57630,0.004936737634565999
57631,0.0659208539680689
57632,0.01065486966898574
57633,0.0878210808390648
57634,0.02870505560489542
